{
  "Scale": 0.34375,
  "RotationType": "FACING",
  "Entries": [
    {
      "Position": {
        "x": 0.25,
        "y": 0.8125,
        "z": 0.90625
      }
    },
    {
      "Position": {
        "x": 0.75,
        "y": 0.8125,
        "z": 0.90625
      }
    },
    {
      "Position": {
        "x": 0.25,
        "y": 0.3125,
        "z": 0.90625
      }
    },
    {
      "Position": {
        "x": 0.75,
        "y": 0.3125,
        "z": 0.90625
      }
    }
  ]
}